id;device_no;capture_time;format;h_param;image;msg_id
1;ability Quetzal Burkina;2814;of;73039;USB bus Investor;10802
2;encompassing Extended invoice;54130;copying ADP;20452;service-desk;53529
3;Response Namibia;24250;Paradigm maximize neural;81916;Nebraska Dominican;2520
4;model;73381;Tools;10780;Summit bleeding-edge;76426
5;revolutionary Chips;48183;invoice quantifying;17965;deposit Persevering;1389
6;Beauty;98541;orchid Principal front-end;50058;mission-critical Human;42986
7;Frozen;49058;Developer;40969;optimize Fantastic Rubber;84660
8;Paradigm Bedfordshire Bacon;62435;Data;18074;haptic Right-sized Chief;34561
9;IB;75470;plum;29703;Dollar multi-state;48199
10;communities;44835;empower Engineer Lane;64066;bottom-line;93620
